ReturnID,ItemID,EmployeeID,CustomerID,CheckOutID,ReturnedOn
1,757,95,171,1,12/14/2020 7:57
2,151,66,155,2,1/20/2021 18:36
3,675,37,180,3,2/20/2021 14:09
4,225,19,155,4,1/15/2021 22:45
5,722,162,175,5,8/17/2021 15:45
6,362,161,140,6,10/28/2021 7:02
7,260,181,4,7,4/16/2021 16:07
8,659,26,130,8,9/8/2021 18:25
9,46,196,182,9,1/12/2021 12:55
10,549,182,47,10,8/8/2021 1:36
11,263,44,44,11,5/10/2021 0:19
12,757,2,107,12,7/26/2021 18:48
13,512,58,190,13,1/5/2021 11:49
14,33,137,4,14,12/23/2020 3:19
15,240,162,41,15,7/7/2021 4:35
16,825,47,112,16,12/4/2020 9:51
17,944,179,152,17,6/22/2021 7:55
18,969,185,161,18,4/9/2021 10:40
19,667,117,136,19,8/31/2021 0:23
20,572,119,92,20,12/20/2020 2:22
21,767,180,102,21,5/19/2021 6:54
22,420,125,132,22,11/20/2021 0:39
23,840,16,18,23,6/30/2021 19:21
24,39,52,112,24,12/10/2020 8:40
25,228,168,135,25,11/7/2021 1:59
26,24,186,8,26,7/3/2021 4:41
27,97,56,112,27,4/12/2021 5:23
28,527,127,163,28,8/17/2021 17:52
29,147,12,109,29,8/24/2021 22:54
30,893,72,46,30,10/9/2021 2:38
31,690,74,148,31,6/23/2021 5:40
32,539,53,184,32,6/25/2021 10:42
33,540,146,170,33,12/6/2020 11:20
34,13,10,173,34,4/19/2021 6:50
35,690,190,193,35,10/14/2021 6:30
36,680,28,164,36,5/19/2021 15:52
37,673,30,33,37,6/4/2021 10:04
38,575,38,89,38,2/10/2021 19:19
39,106,144,138,39,3/2/2021 21:53
40,864,100,135,40,4/28/2021 15:00
41,397,112,69,41,10/4/2021 14:23
42,68,119,18,42,5/8/2021 23:30
43,436,14,194,43,9/20/2021 19:13
44,835,165,92,44,4/24/2021 17:02
45,442,145,24,45,7/31/2021 0:18
46,614,18,8,46,11/13/2021 5:17
47,364,134,117,47,5/2/2021 20:58
48,728,137,41,48,12/28/2020 23:38
49,333,183,193,49,2/8/2021 8:42
50,18,87,101,50,5/29/2021 1:18
51,867,152,78,51,8/16/2021 7:45
52,808,143,13,52,4/1/2021 15:55
53,529,102,192,53,12/23/2020 18:49
54,780,196,25,54,6/30/2021 13:42
55,468,140,152,55,2/17/2021 11:36
56,622,183,90,56,12/15/2020 20:06
57,844,49,16,57,8/23/2021 15:38
58,262,171,41,58,3/18/2021 1:00
59,97,79,123,59,5/22/2021 3:21
60,225,41,10,60,9/28/2021 8:55
61,190,91,53,61,5/8/2021 8:23
62,754,75,17,62,6/30/2021 11:54
63,873,53,36,63,10/7/2021 10:44
64,378,134,22,64,7/16/2021 18:33
65,542,91,48,65,8/8/2021 18:55
66,106,131,180,66,4/6/2021 18:09
67,692,136,121,67,6/24/2021 14:50
68,232,3,193,68,12/29/2020 11:15
69,438,27,4,69,1/16/2021 10:44
70,250,96,7,70,5/7/2021 7:48
71,522,112,166,71,1/1/2021 3:27
72,403,125,140,72,1/27/2021 1:38
73,155,118,44,73,1/5/2021 21:04
74,687,123,191,74,8/21/2021 3:13
75,645,109,14,75,5/7/2021 16:52
76,61,86,26,76,4/26/2021 21:53
77,665,68,20,77,5/15/2021 15:22
78,557,171,169,78,8/9/2021 16:03
79,768,147,13,79,12/26/2020 15:38
80,418,9,24,80,7/11/2021 9:16
81,633,143,52,81,4/7/2021 15:55
82,342,77,200,82,2/2/2021 14:32
83,998,20,123,83,7/22/2021 2:13
84,430,89,38,84,1/6/2021 1:02
85,283,71,44,85,7/24/2021 14:44
86,793,194,52,86,7/24/2021 21:57
87,397,91,69,87,1/1/2021 18:07
88,535,13,72,88,1/14/2021 9:07
89,675,63,101,89,1/5/2021 3:33
90,896,114,23,90,11/13/2021 2:06
91,768,49,84,91,10/29/2021 18:44
92,994,50,190,92,12/27/2020 1:18
93,25,70,137,93,7/18/2021 22:04
94,250,142,4,94,11/5/2021 10:03
95,807,9,10,95,4/29/2021 12:12
96,598,38,24,96,1/24/2021 18:27
97,121,199,26,97,12/1/2020 7:35
98,610,195,123,98,12/8/2020 12:04
99,267,169,129,99,5/14/2021 11:25
100,563,93,25,100,7/18/2021 12:04
101,917,112,113,101,11/17/2021 15:23
102,214,137,17,102,2/22/2021 14:25
103,82,198,171,103,5/31/2021 6:42
104,19,87,131,104,8/4/2021 0:22
105,437,77,162,105,7/22/2021 22:21
106,544,77,6,106,10/26/2021 4:09
107,104,24,38,107,10/28/2021 2:13
108,623,113,119,108,8/14/2021 6:54
109,674,95,52,109,10/30/2021 14:32
110,447,63,40,110,4/20/2021 8:14
111,764,183,76,111,7/30/2021 20:39
112,562,82,154,112,8/18/2021 23:25
113,816,77,155,113,1/26/2021 20:52
114,473,128,169,114,2/20/2021 8:36
115,811,179,200,115,6/15/2021 9:43
116,33,96,164,116,9/26/2021 3:31
117,161,151,190,117,6/15/2021 17:54
118,730,92,10,118,1/25/2021 13:06
119,504,15,23,119,8/2/2021 21:41
120,421,77,94,120,3/28/2021 3:43
121,254,126,35,121,8/23/2021 17:27
122,369,150,105,122,5/25/2021 0:37
123,33,139,120,123,6/21/2021 11:13
124,193,186,81,124,2/12/2021 4:03
125,599,158,179,125,3/4/2021 1:08
126,954,28,100,126,8/15/2021 22:39
127,637,175,156,127,4/25/2021 8:30
128,246,133,66,128,9/10/2021 1:20
129,790,118,4,129,11/14/2021 22:12
130,753,85,134,130,1/11/2021 6:46
131,985,20,170,131,2/7/2021 2:09
132,184,186,173,132,1/29/2021 5:47
133,483,172,178,133,6/9/2021 12:12
134,751,11,48,134,12/15/2020 16:00
135,296,173,184,135,5/7/2021 2:58
136,447,11,183,136,2/22/2021 23:55
137,827,156,78,137,9/28/2021 0:44
138,313,51,48,138,4/19/2021 12:12
139,458,33,141,139,6/28/2021 18:49
140,18,125,130,140,4/29/2021 17:18
141,943,164,165,141,7/7/2021 8:24
142,462,47,94,142,7/10/2021 1:27
143,845,123,22,143,7/17/2021 14:22
144,255,132,64,144,9/5/2021 18:23
145,252,180,14,145,12/27/2020 22:06
146,630,128,76,146,8/15/2021 17:54
147,440,144,115,147,4/21/2021 8:38
148,648,25,61,148,2/14/2021 3:03
149,464,110,95,149,1/3/2021 21:40
150,989,189,38,150,12/25/2020 7:31
151,568,15,56,151,3/13/2021 21:49
152,403,115,185,152,4/30/2021 7:16
153,62,163,29,153,5/18/2021 12:18
154,915,116,3,154,4/29/2021 10:02
155,965,104,105,155,11/23/2021 4:51
156,453,200,195,156,11/2/2021 11:19
157,302,195,75,157,6/2/2021 10:47
158,37,30,138,158,8/10/2021 10:20
159,69,122,19,159,3/4/2021 20:36
160,530,12,6,160,8/9/2021 6:29
161,693,100,91,161,6/28/2021 23:42
162,763,107,131,162,1/1/2021 5:05
163,660,95,160,163,9/15/2021 5:25
164,517,91,32,164,7/27/2021 10:41
165,681,75,167,165,11/6/2021 19:26
166,421,119,70,166,5/19/2021 19:26
167,774,193,137,167,9/21/2021 16:36
168,739,6,36,168,3/13/2021 18:36
169,868,32,104,169,12/10/2020 16:15
170,222,183,41,170,9/26/2021 10:27
171,989,167,173,171,11/25/2021 6:33
172,245,97,106,172,9/23/2021 17:13
173,538,41,156,173,12/30/2020 6:43
174,583,147,145,174,12/30/2020 1:28
175,1000,172,102,175,1/13/2021 19:46
176,676,90,64,176,6/12/2021 20:20
177,246,36,89,177,10/29/2021 20:48
178,363,193,22,178,10/3/2021 16:24
179,365,176,70,179,7/13/2021 0:31
180,813,33,190,180,9/28/2021 0:09
181,365,129,110,181,11/7/2021 0:05
182,730,173,120,182,9/4/2021 23:41
183,197,111,178,183,1/29/2021 12:45
184,247,186,115,184,8/19/2021 19:28
185,900,110,181,185,2/20/2021 12:30
186,939,122,181,186,8/2/2021 0:31
187,626,184,39,187,5/2/2021 17:20
188,526,158,32,188,10/13/2021 6:13
189,887,197,168,189,2/17/2021 2:13
190,433,46,81,190,2/19/2021 7:35
191,994,56,199,191,8/19/2021 5:24
192,27,90,104,192,1/6/2021 13:12
193,628,181,62,193,9/15/2021 6:07
194,553,197,110,194,6/11/2021 6:21
195,455,32,197,195,11/10/2021 10:54
196,912,61,47,196,3/14/2021 19:00
197,285,59,56,197,10/20/2021 10:57
198,420,179,24,198,6/24/2021 14:51
199,405,148,47,199,4/30/2021 14:26
200,337,198,91,200,1/31/2021 1:01
201,472,156,67,201,3/18/2021 20:01
202,108,87,58,202,2/7/2021 2:49
203,507,70,76,203,8/29/2021 21:43
204,941,109,2,204,12/2/2020 14:53
205,92,38,60,205,10/16/2021 1:28
206,625,190,118,206,12/14/2020 9:00
207,243,130,177,207,10/5/2021 5:46
208,339,161,147,208,5/23/2021 2:56
209,358,104,55,209,1/20/2021 15:18
210,866,153,14,210,8/5/2021 22:13
211,894,181,159,211,1/17/2021 4:35
212,248,63,21,212,10/12/2021 4:52
213,89,146,171,213,2/15/2021 18:29
214,350,34,12,214,12/5/2020 12:54
215,110,176,108,215,3/8/2021 23:17
216,312,1,111,216,8/27/2021 10:56
217,81,108,136,217,6/30/2021 3:41
218,408,36,39,218,2/9/2021 13:47
219,935,141,27,219,6/9/2021 3:15
220,171,172,25,220,10/14/2021 16:44
221,741,39,38,221,11/30/2020 6:31
222,472,101,148,222,4/28/2021 22:39
223,818,6,189,223,7/5/2021 19:07
224,159,177,24,224,4/11/2021 20:57
225,946,144,21,225,8/5/2021 3:44
226,646,122,90,226,3/27/2021 22:37
227,980,78,73,227,5/14/2021 8:36
228,267,34,64,228,3/30/2021 12:19
229,755,49,60,229,3/29/2021 10:36
230,416,178,82,230,6/2/2021 15:45
231,653,43,71,231,5/24/2021 19:01
232,140,120,171,232,8/17/2021 12:59
233,172,199,86,233,8/31/2021 11:17
234,879,23,122,234,3/5/2021 2:29
235,211,71,142,235,1/21/2021 3:22
236,898,137,138,236,4/16/2021 8:13
237,624,192,136,237,5/30/2021 22:00
238,697,163,147,238,2/28/2021 16:12
239,761,27,41,239,10/6/2021 8:40
240,584,7,99,240,4/19/2021 19:04
241,444,183,41,241,4/28/2021 17:48
242,559,172,55,242,3/23/2021 2:57
243,668,145,139,243,9/2/2021 8:01
244,628,170,27,244,2/17/2021 1:49
245,933,116,176,245,4/25/2021 18:22
246,866,126,161,246,9/20/2021 0:48
247,123,84,186,247,9/15/2021 4:14
248,37,63,35,248,6/12/2021 5:49
249,846,93,15,249,5/17/2021 6:38
250,268,39,72,250,6/29/2021 14:00
251,463,108,187,251,4/24/2021 20:36
252,445,160,13,252,12/2/2020 16:46
253,398,45,173,253,3/9/2021 9:04
254,453,28,195,254,8/29/2021 16:51
255,200,37,42,255,10/15/2021 22:58
256,407,192,60,256,5/6/2021 12:20
257,998,64,77,257,4/12/2021 23:01
258,583,151,168,258,10/6/2021 23:18
259,476,199,144,259,8/5/2021 9:06
260,271,14,176,260,11/23/2021 14:31
261,6,172,198,261,11/2/2021 16:33
262,481,1,138,262,8/5/2021 13:52
263,470,106,97,263,9/23/2021 16:50
264,985,132,89,264,12/29/2020 13:17
265,488,159,124,265,1/17/2021 8:09
266,399,164,78,266,8/16/2021 13:11
267,211,53,133,267,3/23/2021 3:23
268,4,44,78,268,7/28/2021 22:36
269,354,174,78,269,5/31/2021 5:51
270,597,96,74,270,4/28/2021 18:28
271,888,2,19,271,6/4/2021 16:26
272,302,26,131,272,10/19/2021 12:53
273,780,176,183,273,4/3/2021 1:22
274,100,57,129,274,2/27/2021 7:02
275,233,124,92,275,2/2/2021 12:52
276,940,115,197,276,12/19/2020 11:05
277,322,34,194,277,6/29/2021 6:29
278,202,12,63,278,8/27/2021 23:05
279,590,98,111,279,12/16/2020 9:22
280,92,170,196,280,2/18/2021 0:52
281,291,42,65,281,8/4/2021 19:44
282,441,138,19,282,6/4/2021 9:01
283,887,174,102,283,11/9/2021 23:20
284,101,178,112,284,6/25/2021 1:00
285,51,163,76,285,8/30/2021 10:59
286,713,43,122,286,8/12/2021 1:32
287,5,46,43,287,11/24/2021 2:03
288,792,111,157,288,1/25/2021 11:24
289,403,29,195,289,3/16/2021 2:21
290,751,68,156,290,7/20/2021 12:51
291,669,18,50,291,2/14/2021 14:39
292,816,107,10,292,7/25/2021 19:35
293,636,187,173,293,7/19/2021 2:29
294,843,169,103,294,2/9/2021 15:47
295,790,9,182,295,8/22/2021 11:00
296,160,126,95,296,5/15/2021 15:39
297,262,44,128,297,7/30/2021 7:57
298,655,6,91,298,9/1/2021 4:34
299,842,127,30,299,1/9/2021 6:45
300,705,75,192,300,11/22/2021 23:22
301,142,13,40,301,4/21/2021 23:04
302,640,45,68,302,8/14/2021 10:10
303,464,151,189,303,4/5/2021 9:46
304,634,81,41,304,4/24/2021 0:37
305,288,188,91,305,8/4/2021 22:15
306,624,150,93,306,5/6/2021 14:50
307,46,157,198,307,3/11/2021 5:34
308,504,98,56,308,10/8/2021 17:27
309,908,119,24,309,3/26/2021 12:57
310,138,175,167,310,10/9/2021 0:43
311,492,33,135,311,7/14/2021 22:28
312,1000,5,183,312,4/3/2021 18:13
313,640,45,115,313,4/9/2021 17:06
314,808,162,5,314,10/25/2021 2:13
315,589,37,67,315,10/29/2021 9:03
316,832,161,34,316,5/9/2021 11:09
317,352,134,11,317,12/2/2020 19:06
318,655,83,175,318,3/28/2021 7:17
319,808,10,86,319,1/15/2021 10:23
320,51,79,119,320,12/31/2020 14:29
321,249,32,103,321,1/23/2021 23:14
322,958,122,53,322,5/23/2021 22:05
323,988,33,57,323,3/17/2021 20:14
324,588,53,160,324,9/20/2021 4:35
325,860,24,174,325,12/8/2020 23:17
326,327,72,88,326,9/14/2021 16:33
327,51,152,193,327,3/2/2021 21:00
328,280,195,3,328,4/13/2021 21:19
329,22,175,16,329,2/13/2021 22:51
330,554,94,175,330,6/30/2021 14:44
331,236,30,95,331,4/22/2021 21:39
332,762,54,157,332,2/5/2021 8:15
333,1000,116,16,333,7/27/2021 3:58
334,386,57,139,334,5/7/2021 1:14
335,976,13,68,335,3/25/2021 19:55
336,580,4,89,336,11/27/2021 11:39
337,658,53,39,337,4/30/2021 22:11
338,967,172,1,338,11/17/2021 13:51
339,236,148,64,339,11/19/2021 18:26
340,732,133,151,340,1/29/2021 4:37
341,302,61,161,341,3/7/2021 22:45
342,318,154,186,342,2/28/2021 17:06
343,849,175,130,343,9/27/2021 1:38
344,751,100,40,344,2/9/2021 19:38
345,614,167,87,345,4/3/2021 10:53
346,210,120,71,346,5/3/2021 22:14
347,641,134,85,347,4/12/2021 23:50
348,954,2,39,348,8/5/2021 4:10
349,283,48,190,349,3/6/2021 0:40
350,643,133,106,350,2/22/2021 14:44
351,8,25,187,351,12/10/2020 9:32
352,309,19,131,352,4/29/2021 8:02
353,493,75,96,353,1/19/2021 22:18
354,652,147,77,354,12/29/2020 4:31
355,779,179,8,355,10/8/2021 3:11
356,639,37,17,356,8/2/2021 11:12
357,748,133,109,357,2/10/2021 17:44
358,265,15,68,358,12/29/2020 22:54
359,701,147,182,359,3/7/2021 22:54
360,235,107,198,360,4/15/2021 8:28
361,657,191,35,361,7/2/2021 5:54
362,548,32,140,362,3/1/2021 1:50
363,778,62,61,363,11/14/2021 17:46
364,632,133,138,364,1/5/2021 22:39
365,17,122,9,365,7/17/2021 23:06
366,43,85,127,366,4/30/2021 1:28
367,646,94,145,367,1/6/2021 16:41
368,768,40,111,368,6/6/2021 19:19
369,527,36,196,369,8/9/2021 2:43
370,633,101,83,370,5/4/2021 18:45
371,413,151,30,371,2/7/2021 3:29
372,960,167,37,372,12/5/2020 19:31
373,36,93,66,373,1/4/2021 5:42
374,674,104,144,374,4/19/2021 4:41
375,587,26,176,375,3/12/2021 20:50
376,163,75,145,376,4/25/2021 6:25
377,670,175,175,377,5/30/2021 13:37
378,107,199,156,378,10/23/2021 8:18
379,815,181,164,379,11/25/2021 6:02
380,440,181,34,380,7/26/2021 4:39
381,367,87,54,381,8/5/2021 4:27
382,194,72,116,382,6/22/2021 6:18
383,887,112,16,383,3/8/2021 16:25
384,756,148,87,384,10/2/2021 14:42
385,809,158,147,385,10/22/2021 16:28
386,645,152,123,386,11/4/2021 6:45
387,239,170,182,387,5/27/2021 13:08
388,287,42,102,388,2/4/2021 21:02
389,773,68,52,389,11/10/2021 10:54
390,173,164,132,390,8/19/2021 15:09
391,163,128,117,391,12/27/2020 7:58
392,769,146,157,392,5/13/2021 7:36
393,592,117,54,393,5/6/2021 21:20
394,776,107,36,394,7/14/2021 16:53
395,856,186,2,395,6/18/2021 11:30
396,172,184,168,396,4/6/2021 17:11
397,884,101,153,397,5/30/2021 4:33
398,859,78,43,398,7/22/2021 4:54
399,476,97,21,399,3/5/2021 23:52
400,204,21,69,400,12/28/2020 16:56
401,210,135,105,401,4/3/2021 6:08
402,803,157,122,402,11/9/2021 16:45
403,429,19,115,403,1/10/2021 22:58
404,109,145,161,404,10/31/2021 9:52
405,165,14,124,405,2/27/2021 21:07
406,536,133,100,406,10/29/2021 8:15
407,1000,88,177,407,12/11/2020 22:44
408,824,142,14,408,7/30/2021 2:47
409,987,184,127,409,9/13/2021 14:23
410,246,121,199,410,6/3/2021 9:10
411,295,192,193,411,5/10/2021 4:55
412,221,168,135,412,10/31/2021 6:53
413,680,2,27,413,11/6/2021 20:37
414,105,6,188,414,4/11/2021 15:10
415,784,54,149,415,12/10/2020 22:56
416,537,128,19,416,11/30/2020 6:14
417,537,177,169,417,4/8/2021 17:32
418,384,131,187,418,2/26/2021 9:04
419,172,102,43,419,2/5/2021 11:37
420,330,39,136,420,5/11/2021 9:27
421,47,87,65,421,11/5/2021 0:36
422,237,122,79,422,11/24/2021 2:43
423,114,184,189,423,11/6/2021 23:42
424,330,112,160,424,11/6/2021 5:48
425,950,134,98,425,6/13/2021 21:26
426,41,63,118,426,7/18/2021 15:05
427,585,11,50,427,4/5/2021 8:17
428,195,70,109,428,5/25/2021 23:28
429,969,133,12,429,7/15/2021 10:19
430,872,83,63,430,11/16/2021 4:25
431,807,172,96,431,2/28/2021 9:39
432,942,145,169,432,5/2/2021 4:42
433,320,118,24,433,11/12/2021 14:39
434,970,118,28,434,8/22/2021 17:51
435,599,18,74,435,10/14/2021 19:23
436,619,186,193,436,11/15/2021 7:54
437,329,33,111,437,1/15/2021 4:16
438,116,178,139,438,3/5/2021 23:12
439,359,88,196,439,8/30/2021 2:00
440,171,107,189,440,4/25/2021 18:22
441,385,90,128,441,4/11/2021 0:12
442,70,113,10,442,12/25/2020 6:37
443,310,26,50,443,10/1/2021 15:08
444,421,138,166,444,2/5/2021 22:13
445,815,69,140,445,11/23/2021 4:43
446,44,133,66,446,7/17/2021 6:25
447,760,160,16,447,10/24/2021 14:30
448,905,35,153,448,9/7/2021 17:20
449,155,25,76,449,9/2/2021 0:58
450,701,173,130,450,6/2/2021 23:05
451,75,9,191,451,5/26/2021 9:30
452,978,185,89,452,3/6/2021 9:26
453,278,124,41,453,1/22/2021 14:51
454,503,143,148,454,6/8/2021 5:26
455,35,30,183,455,1/30/2021 3:52
456,410,89,96,456,2/23/2021 16:06
457,736,192,197,457,2/26/2021 13:22
458,24,58,73,458,5/7/2021 1:04
459,885,186,158,459,2/23/2021 12:22
460,609,49,150,460,12/28/2020 16:48
461,741,67,179,461,4/20/2021 10:34
462,495,52,39,462,3/8/2021 6:53
463,249,30,171,463,11/4/2021 8:49
464,363,144,178,464,4/7/2021 23:43
465,792,85,196,465,6/5/2021 23:33
466,58,59,98,466,8/25/2021 3:53
467,850,93,113,467,7/14/2021 15:11
468,689,70,24,468,3/24/2021 15:18
469,418,34,165,469,9/30/2021 17:50
470,370,147,183,470,12/30/2020 12:09
471,681,19,178,471,5/22/2021 1:16
472,461,93,58,472,12/19/2020 10:09
473,529,191,24,473,8/21/2021 22:25
474,675,76,51,474,12/6/2020 23:43
475,613,183,166,475,12/2/2020 20:12
476,806,120,157,476,9/20/2021 14:11
477,378,63,165,477,2/10/2021 10:28
478,799,100,42,478,1/2/2021 4:29
479,143,106,187,479,9/19/2021 21:48
480,875,66,13,480,9/7/2021 4:06
481,535,147,121,481,8/23/2021 21:29
482,631,36,22,482,6/30/2021 5:40
483,253,65,2,483,2/22/2021 0:15
484,162,77,52,484,1/29/2021 9:32
485,457,49,169,485,3/21/2021 19:52
486,843,4,200,486,3/16/2021 21:24
487,120,63,4,487,8/5/2021 13:58
488,350,167,112,488,7/24/2021 10:01
489,926,105,25,489,7/26/2021 21:02
490,372,113,197,490,11/9/2021 17:47
491,682,40,109,491,12/26/2020 21:31
492,14,72,144,492,5/31/2021 7:23
493,488,109,172,493,9/7/2021 23:12
494,278,131,141,494,8/15/2021 3:07
495,400,15,191,495,7/30/2021 2:20
496,106,111,77,496,3/11/2021 6:29
497,35,196,124,497,4/25/2021 17:00
498,907,58,90,498,8/27/2021 3:04
499,690,157,188,499,6/22/2021 10:09
500,628,13,118,500,12/18/2020 14:49
501,620,37,182,501,7/16/2021 4:17
502,570,27,156,502,5/12/2021 12:15
503,564,186,116,503,9/10/2021 10:25
504,696,149,198,504,6/19/2021 16:49
505,313,143,130,505,1/12/2021 15:30
506,262,137,48,506,12/25/2020 20:54
507,504,6,191,507,7/12/2021 17:51
508,919,87,35,508,8/22/2021 1:16
509,507,48,30,509,7/14/2021 4:41
510,456,34,148,510,12/10/2020 19:45
511,482,22,115,511,4/12/2021 6:28
512,259,80,67,512,8/19/2021 4:58
513,753,146,182,513,6/17/2021 12:01
514,308,52,20,514,6/26/2021 6:56
515,998,138,85,515,11/16/2021 18:18
516,735,97,21,516,12/3/2020 2:18
517,487,52,193,517,6/7/2021 2:31
518,779,178,42,518,11/9/2021 7:25
519,692,39,163,519,10/16/2021 16:55
520,874,2,64,520,3/25/2021 11:50
521,870,10,193,521,8/12/2021 17:49
522,273,4,68,522,11/20/2021 0:00
523,485,110,3,523,10/10/2021 17:01
524,909,29,66,524,5/17/2021 6:37
525,836,142,69,525,5/19/2021 0:01
526,460,76,33,526,10/18/2021 15:37
527,334,158,183,527,9/24/2021 15:53
528,353,103,45,528,8/10/2021 3:27
529,866,140,3,529,4/24/2021 1:58
530,145,19,41,530,8/27/2021 15:25
531,829,200,121,531,6/28/2021 12:52
532,284,132,196,532,12/28/2020 10:23
533,395,173,48,533,4/10/2021 22:35
534,99,193,56,534,7/12/2021 15:54
535,796,23,148,535,3/26/2021 15:23
536,666,101,131,536,4/11/2021 17:19
537,304,167,14,537,9/12/2021 6:14
538,20,181,34,538,3/29/2021 8:55
539,972,116,193,539,4/14/2021 8:14
540,575,54,23,540,5/13/2021 20:55
541,233,52,153,541,7/23/2021 2:52
542,911,187,92,542,11/28/2021 23:47
543,393,34,23,543,3/20/2021 7:33
544,21,24,160,544,6/23/2021 17:57
545,911,152,199,545,3/26/2021 8:52
546,788,188,77,546,4/25/2021 2:01
547,922,115,40,547,8/27/2021 12:50
548,252,55,58,548,7/13/2021 5:37
549,79,172,188,549,8/20/2021 3:58
550,337,81,199,550,10/2/2021 22:43
551,559,81,60,551,3/6/2021 14:45
552,866,166,2,552,9/2/2021 4:28
553,509,117,10,553,9/2/2021 22:48
554,36,134,111,554,7/26/2021 2:07
555,925,1,141,555,5/11/2021 17:03
556,445,187,68,556,6/30/2021 13:16
557,322,132,1,557,10/7/2021 7:59
558,801,134,119,558,6/7/2021 21:11
559,211,178,93,559,12/14/2020 0:54
560,916,123,144,560,1/9/2021 6:20
561,510,7,17,561,10/14/2021 17:49
562,54,154,149,562,7/22/2021 11:22
563,120,46,183,563,5/28/2021 5:12
564,293,187,38,564,7/4/2021 6:13
565,321,110,36,565,2/18/2021 10:40
566,295,3,196,566,3/24/2021 4:01
567,275,175,81,567,9/23/2021 18:25
568,100,43,43,568,5/28/2021 13:36
569,330,77,168,569,10/8/2021 1:43
570,325,74,113,570,1/23/2021 10:18
571,737,3,68,571,7/31/2021 9:11
572,747,6,35,572,4/30/2021 4:35
573,160,190,13,573,10/16/2021 0:28
574,877,2,144,574,11/20/2021 19:22
575,223,108,125,575,6/25/2021 22:00
576,678,26,82,576,8/13/2021 22:43
577,191,68,98,577,2/14/2021 15:14
578,29,149,191,578,3/24/2021 20:11
579,972,25,181,579,4/26/2021 19:30
580,597,94,60,580,8/7/2021 15:17
581,821,35,184,581,7/21/2021 4:06
582,192,120,117,582,3/24/2021 0:43
583,435,38,93,583,5/3/2021 3:27
584,879,3,61,584,1/2/2021 6:20
585,787,33,25,585,4/29/2021 12:14
586,98,36,68,586,1/12/2021 17:35
587,931,163,124,587,2/6/2021 21:39
588,148,147,127,588,1/17/2021 14:34
589,103,76,109,589,5/30/2021 21:41
590,933,31,76,590,2/7/2021 11:02
591,132,175,100,591,1/11/2021 18:35
592,780,106,167,592,5/13/2021 4:52
593,703,53,192,593,3/15/2021 13:29
594,657,18,49,594,11/4/2021 18:41
595,740,182,95,595,4/29/2021 11:07
596,444,149,95,596,1/27/2021 16:02
597,423,54,152,597,1/31/2021 0:36
598,83,174,154,598,1/17/2021 16:53
599,654,108,169,599,3/17/2021 4:12
600,207,167,17,600,8/4/2021 3:54
601,774,137,151,601,8/2/2021 16:57
602,494,51,34,602,4/5/2021 21:31
603,56,106,13,603,9/4/2021 21:33
604,252,10,125,604,7/25/2021 11:43
605,180,78,163,605,3/18/2021 21:43
606,746,113,156,606,1/7/2021 13:46
607,408,97,137,607,8/15/2021 11:21
608,351,155,61,608,10/10/2021 5:10
609,141,56,101,609,3/7/2021 16:58
610,993,117,184,610,3/21/2021 21:43
611,886,13,86,611,1/30/2021 23:25
612,972,21,108,612,8/14/2021 20:59
613,161,136,139,613,4/28/2021 20:35
614,302,53,152,614,7/1/2021 22:26
615,496,174,59,615,2/11/2021 16:23
616,829,65,59,616,11/20/2021 17:04
617,427,66,85,617,4/25/2021 18:04
618,523,43,19,618,4/4/2021 10:58
619,975,155,111,619,4/12/2021 21:55
620,199,118,13,620,10/4/2021 19:39
621,83,128,193,621,10/12/2021 20:46
622,49,116,140,622,9/25/2021 22:41
623,27,37,115,623,1/29/2021 7:34
624,275,8,74,624,4/25/2021 15:14
625,23,115,97,625,3/5/2021 2:43
626,428,124,190,626,9/26/2021 5:33
627,501,5,78,627,2/16/2021 14:47
628,974,191,74,628,8/12/2021 22:40
629,728,84,74,629,3/3/2021 23:46
630,714,9,130,630,6/30/2021 17:57
631,904,41,188,631,12/4/2020 14:27
632,862,114,39,632,12/23/2020 4:53
633,877,150,81,633,9/16/2021 14:55
634,365,177,136,634,6/22/2021 14:28
635,125,99,174,635,9/3/2021 0:51
636,739,19,45,636,1/17/2021 7:28
637,652,187,18,637,2/24/2021 16:12
638,815,110,17,638,9/14/2021 19:05
639,537,33,25,639,11/1/2021 5:51
640,671,6,183,640,3/9/2021 19:10
641,924,75,134,641,3/5/2021 14:25
642,137,67,57,642,10/20/2021 10:18
643,582,130,33,643,2/15/2021 3:57
644,17,175,60,644,12/9/2020 19:04
645,146,128,113,645,4/2/2021 12:26
646,455,190,169,646,6/7/2021 23:55
647,280,33,57,647,9/8/2021 13:13
648,737,24,145,648,7/27/2021 7:01
649,476,35,3,649,12/25/2020 6:58
650,67,179,164,650,1/17/2021 6:15
651,506,137,42,651,12/29/2020 12:11
652,761,38,41,652,5/22/2021 16:12
653,102,106,155,653,3/23/2021 18:21
654,477,121,154,654,10/24/2021 11:20
655,777,4,27,655,2/26/2021 2:23
656,541,9,85,656,3/14/2021 17:27
657,232,24,163,657,8/7/2021 17:47
658,614,88,197,658,4/12/2021 19:01
659,824,38,149,659,7/23/2021 10:33
660,945,85,177,660,9/2/2021 1:18
661,550,186,42,661,1/1/2021 8:59
662,965,59,84,662,3/23/2021 18:27
663,783,111,57,663,2/23/2021 20:04
664,726,62,85,664,1/7/2021 8:26
665,149,175,193,665,4/28/2021 19:36
666,865,98,199,666,1/13/2021 3:42
667,923,36,62,667,12/22/2020 0:50
668,253,131,77,668,1/18/2021 18:39
669,473,130,162,669,1/7/2021 14:18
670,804,35,123,670,5/11/2021 19:11
671,220,113,37,671,5/27/2021 3:50
672,318,172,20,672,10/13/2021 11:47
673,82,72,80,673,3/31/2021 20:41
674,195,1,66,674,11/4/2021 5:31
675,898,124,10,675,11/6/2021 0:26
676,754,99,33,676,9/11/2021 4:50
677,290,181,55,677,10/11/2021 4:37
678,239,192,64,678,2/13/2021 8:30
679,99,164,57,679,8/6/2021 7:10
680,937,53,34,680,8/25/2021 19:29
681,39,133,11,681,10/7/2021 8:34
682,266,165,88,682,7/24/2021 10:45
683,179,40,167,683,12/19/2020 15:18
684,884,136,184,684,7/18/2021 3:36
685,317,102,18,685,6/22/2021 7:44
686,207,185,186,686,10/17/2021 19:15
687,304,125,184,687,9/11/2021 9:02
688,448,148,121,688,4/5/2021 22:39
689,70,94,172,689,1/13/2021 2:12
690,175,39,159,690,3/5/2021 23:49
691,361,91,81,691,1/3/2021 11:22
692,185,39,29,692,12/10/2020 10:39
693,85,104,27,693,11/15/2021 10:59
694,903,123,149,694,10/30/2021 13:33
695,886,190,58,695,2/26/2021 18:47
696,645,175,35,696,10/21/2021 11:22
697,528,180,99,697,9/16/2021 13:06
698,132,90,160,698,2/10/2021 18:08
699,258,114,37,699,5/25/2021 18:43
700,401,140,126,700,12/10/2020 9:32
701,779,56,16,701,5/7/2021 21:55
702,640,72,14,702,2/1/2021 17:44
703,715,136,20,703,9/22/2021 7:34
704,817,1,183,704,11/3/2021 8:29
705,940,152,22,705,1/7/2021 14:51
706,32,156,129,706,1/9/2021 7:09
707,917,153,95,707,9/10/2021 4:32
708,990,144,46,708,10/29/2021 20:21
709,170,81,140,709,5/14/2021 16:52
710,752,128,7,710,4/14/2021 16:06
711,585,172,166,711,10/5/2021 7:40
712,698,115,93,712,5/2/2021 11:24
713,526,118,22,713,9/3/2021 18:09
714,379,171,12,714,4/25/2021 21:04
715,192,79,97,715,9/2/2021 11:05
716,672,96,150,716,6/3/2021 3:48
717,151,84,80,717,9/14/2021 12:11
718,693,102,124,718,9/28/2021 19:39
719,718,180,111,719,9/27/2021 22:22
720,284,155,81,720,12/13/2020 10:20
721,250,70,4,721,1/12/2021 6:22
722,921,141,70,722,8/17/2021 22:19
723,626,126,140,723,10/10/2021 19:36
724,393,63,198,724,9/25/2021 15:19
725,11,39,191,725,5/25/2021 3:42
726,980,178,22,726,1/28/2021 22:37
727,999,157,15,727,3/26/2021 10:15
728,163,183,23,728,10/1/2021 9:06
729,903,141,23,729,6/25/2021 12:40
730,185,68,189,730,2/6/2021 15:25
731,453,26,20,731,1/20/2021 6:55
732,865,140,91,732,9/10/2021 13:20
733,166,85,126,733,1/3/2021 18:26
734,405,132,158,734,7/12/2021 20:24
735,661,54,59,735,10/3/2021 21:48
736,763,86,192,736,12/23/2020 15:41
737,31,17,107,737,9/17/2021 2:31
738,60,88,135,738,7/31/2021 11:37
739,256,138,32,739,4/17/2021 18:39
740,198,83,80,740,9/25/2021 7:02
741,715,16,40,741,3/27/2021 9:56
742,998,138,52,742,5/3/2021 7:36
743,284,21,36,743,11/9/2021 23:28
744,63,103,120,744,2/12/2021 16:51
745,579,91,156,745,8/29/2021 6:02
746,258,20,27,746,11/17/2021 23:00
747,930,191,115,747,9/23/2021 16:46
748,502,88,181,748,12/6/2020 2:13
749,245,99,149,749,7/11/2021 11:29
750,772,87,196,750,3/14/2021 14:28
751,776,35,41,751,8/19/2021 1:51
752,428,176,158,752,6/17/2021 19:14
753,918,123,119,753,7/12/2021 16:24
754,61,52,102,754,4/15/2021 0:02
755,473,184,73,755,1/20/2021 16:12
756,454,196,116,756,4/7/2021 20:01
757,780,32,70,757,10/29/2021 7:39
758,79,74,186,758,8/31/2021 5:22
759,641,105,80,759,10/8/2021 14:12
760,654,92,195,760,6/20/2021 15:21
761,713,30,6,761,10/6/2021 11:34
762,310,5,32,762,2/4/2021 9:05
763,801,172,181,763,8/17/2021 12:51
764,354,155,31,764,9/7/2021 1:10
765,300,107,138,765,7/9/2021 22:52
766,18,59,179,766,6/30/2021 17:35
767,560,26,66,767,8/31/2021 22:36
768,193,148,105,768,2/23/2021 12:38
769,862,20,185,769,11/24/2021 13:53
770,960,43,183,770,6/30/2021 23:26
771,785,86,192,771,9/17/2021 12:48
772,964,163,159,772,8/13/2021 11:09
773,361,107,61,773,5/14/2021 4:08
774,771,111,30,774,2/18/2021 17:39
775,858,21,127,775,10/18/2021 18:09
776,559,171,6,776,7/16/2021 21:34
777,65,194,131,777,4/8/2021 20:37
778,230,112,131,778,11/13/2021 0:56
779,760,54,73,779,1/12/2021 1:47
780,50,151,109,780,11/12/2021 7:27
781,973,166,169,781,7/22/2021 17:35
782,51,84,97,782,7/10/2021 23:01
783,348,184,97,783,8/21/2021 13:46
784,192,55,189,784,6/27/2021 7:53
785,267,72,163,785,4/2/2021 1:07
786,161,45,178,786,4/14/2021 22:10
787,886,57,48,787,8/15/2021 12:28
788,212,91,38,788,12/2/2020 1:53
789,500,148,40,789,1/20/2021 17:31
790,451,161,197,790,4/2/2021 13:47
791,817,7,99,791,9/11/2021 1:34
792,321,17,130,792,4/23/2021 15:34
793,496,67,149,793,11/5/2021 4:42
794,12,79,194,794,10/18/2021 19:27
795,152,97,44,795,11/19/2021 12:43
796,906,119,70,796,4/6/2021 13:30
797,721,50,31,797,3/18/2021 0:31
798,541,133,177,798,8/12/2021 6:24
799,153,77,151,799,1/1/2021 23:15
800,967,10,45,800,3/2/2021 10:53
801,776,44,115,801,9/16/2021 17:04
802,493,46,2,802,4/19/2021 6:51
803,532,56,58,803,3/1/2021 12:04
804,113,106,77,804,8/15/2021 7:03
805,893,141,88,805,6/16/2021 21:44
806,837,54,100,806,9/7/2021 18:01
807,859,110,10,807,5/18/2021 0:06
808,5,64,47,808,12/6/2020 7:58
809,976,2,96,809,4/19/2021 4:13
810,695,159,167,810,12/24/2020 10:11
811,950,36,193,811,8/9/2021 10:52
812,404,128,116,812,7/29/2021 4:06
813,5,189,197,813,10/4/2021 20:59
814,838,169,36,814,1/12/2021 12:22
815,737,171,55,815,2/14/2021 21:35
816,742,141,120,816,4/21/2021 21:00
817,695,77,66,817,6/29/2021 16:45
818,315,62,107,818,10/11/2021 18:00
819,185,148,149,819,6/29/2021 23:56
820,301,105,59,820,10/10/2021 22:09
821,509,191,113,821,12/1/2020 3:08
822,11,37,158,822,5/27/2021 4:53
823,699,191,15,823,7/22/2021 15:25
824,25,32,16,824,11/27/2021 6:57
825,348,131,178,825,12/4/2020 17:25
826,635,121,54,826,12/15/2020 9:21
827,963,191,13,827,3/23/2021 14:20
828,75,102,12,828,3/29/2021 4:38
829,236,30,100,829,1/30/2021 12:18
830,203,198,173,830,3/30/2021 13:21
831,109,17,189,831,10/22/2021 17:10
832,894,153,61,832,2/24/2021 7:37
833,709,26,75,833,9/23/2021 12:52
834,366,37,97,834,11/9/2021 1:52
835,8,196,3,835,12/30/2020 17:57
836,98,93,154,836,11/21/2021 3:15
837,761,45,82,837,9/20/2021 23:50
838,609,48,39,838,3/27/2021 18:29
839,859,52,112,839,2/19/2021 2:50
840,792,185,177,840,2/21/2021 9:38
841,526,8,12,841,7/13/2021 2:36
842,172,186,35,842,5/1/2021 22:58
843,92,178,93,843,6/14/2021 20:59
844,190,16,17,844,7/4/2021 7:50
845,963,191,11,845,1/23/2021 16:22
846,457,97,129,846,7/13/2021 23:43
847,4,94,128,847,7/30/2021 6:52
848,499,176,106,848,2/1/2021 19:11
849,32,62,83,849,12/23/2020 8:09
850,932,15,173,850,9/7/2021 10:49
851,777,59,51,851,8/1/2021 0:23
852,247,38,182,852,7/25/2021 1:23
853,116,63,13,853,6/26/2021 16:07
854,208,95,69,854,11/24/2021 4:52
855,284,78,163,855,9/10/2021 17:31
856,298,112,45,856,7/26/2021 23:58
857,221,7,3,857,5/26/2021 0:43
858,575,16,94,858,8/28/2021 16:18
859,632,182,194,859,3/12/2021 7:42
860,812,78,79,860,7/14/2021 13:16
861,617,110,107,861,8/11/2021 9:41
862,822,30,28,862,6/7/2021 4:21
863,82,139,106,863,12/3/2020 5:11
864,382,26,116,864,11/6/2021 10:43
865,766,87,8,865,6/28/2021 19:33
866,400,46,39,866,2/27/2021 4:54
867,64,4,3,867,10/21/2021 21:07
868,512,151,80,868,6/17/2021 0:38
869,632,54,97,869,10/25/2021 7:35
870,366,49,41,870,3/7/2021 3:19
871,140,107,165,871,10/31/2021 23:40
872,722,129,105,872,1/10/2021 13:33
873,171,170,152,873,6/4/2021 21:12
874,838,1,45,874,11/4/2021 18:15
875,958,173,123,875,1/4/2021 6:06
876,44,107,98,876,4/9/2021 2:18
877,635,4,134,877,2/5/2021 13:05
878,938,46,64,878,7/6/2021 15:59
879,207,122,172,879,2/20/2021 4:42
880,179,77,9,880,6/15/2021 4:46
881,725,42,128,881,1/23/2021 2:03
882,971,141,157,882,12/18/2020 23:55
883,364,190,95,883,12/3/2020 23:21
884,195,189,168,884,7/31/2021 0:21
885,15,86,9,885,9/19/2021 14:20
886,458,123,79,886,9/17/2021 20:04
887,660,170,72,887,6/26/2021 17:20
888,693,154,177,888,5/8/2021 2:41
889,527,182,117,889,5/3/2021 12:20
890,630,101,180,890,2/9/2021 3:36
891,314,190,124,891,2/14/2021 12:58
892,916,14,102,892,10/23/2021 6:41
893,967,64,94,893,8/14/2021 5:25
894,747,98,60,894,11/6/2021 13:14
895,393,176,50,895,7/25/2021 10:03
896,101,4,94,896,11/1/2021 12:50
897,499,7,93,897,5/20/2021 1:59
898,760,76,188,898,11/30/2020 20:58
899,503,190,24,899,6/1/2021 11:10
900,293,144,198,900,7/15/2021 5:30
901,461,80,130,901,5/28/2021 6:02
902,776,51,136,902,11/6/2021 7:01
903,292,172,11,903,7/25/2021 20:51
904,269,47,58,904,2/5/2021 4:05
905,221,85,52,905,2/17/2021 4:46
906,985,66,29,906,7/11/2021 15:08
907,959,2,158,907,3/21/2021 20:40
908,598,86,47,908,10/28/2021 21:05
909,7,170,119,909,4/28/2021 4:38
910,714,17,139,910,9/29/2021 18:31
911,632,155,159,911,9/1/2021 11:50
912,525,51,167,912,1/20/2021 19:45
913,102,68,169,913,12/19/2020 15:52
914,125,195,30,914,8/18/2021 17:19
915,451,86,47,915,6/22/2021 23:49
916,666,147,171,916,12/12/2020 0:07
917,946,184,128,917,9/20/2021 14:23
918,765,106,159,918,8/9/2021 11:46
919,898,85,38,919,6/19/2021 15:35
920,64,100,68,920,4/9/2021 17:34
921,20,80,86,921,3/8/2021 15:03
922,805,61,108,922,3/15/2021 12:42
923,952,13,178,923,11/12/2021 1:34
924,649,98,59,924,11/1/2021 6:55
925,837,179,146,925,5/23/2021 20:32
926,504,62,91,926,8/17/2021 14:59
927,38,64,67,927,3/16/2021 19:26
928,599,14,47,928,7/22/2021 13:19
929,938,195,58,929,3/25/2021 10:33
930,899,23,18,930,4/29/2021 8:04
931,16,92,191,931,6/21/2021 1:57
932,991,156,54,932,2/7/2021 5:48
933,260,115,121,933,3/17/2021 2:07
934,351,16,86,934,11/6/2021 13:37
935,24,145,103,935,9/21/2021 12:05
936,998,75,54,936,10/12/2021 12:03
937,149,105,122,937,2/24/2021 12:23
938,43,123,103,938,9/25/2021 12:26
939,982,9,194,939,6/18/2021 4:30
940,12,104,138,940,9/7/2021 2:21
941,96,125,184,941,12/2/2020 14:04
942,907,103,64,942,4/24/2021 11:28
943,6,150,48,943,6/23/2021 16:07
944,234,34,74,944,1/13/2021 1:45
945,394,198,88,945,1/28/2021 4:34
946,43,58,13,946,7/25/2021 0:55
947,287,114,106,947,8/17/2021 4:39
948,780,49,2,948,11/5/2021 5:07
949,281,115,192,949,4/8/2021 6:59
950,69,195,91,950,1/25/2021 8:06
951,346,2,194,951,8/2/2021 22:45
952,91,11,167,952,5/5/2021 3:48
953,641,104,171,953,5/5/2021 9:54
954,405,68,22,954,10/20/2021 3:37
955,460,60,140,955,2/5/2021 10:05
956,997,135,162,956,12/13/2020 11:56
957,874,96,104,957,12/7/2020 6:40
958,93,192,112,958,7/18/2021 8:57
959,553,27,1,959,12/26/2020 17:51
960,338,34,122,960,1/1/2021 22:40
961,321,157,52,961,4/30/2021 9:01
962,77,61,123,962,3/4/2021 8:44
963,737,126,60,963,4/23/2021 10:41
964,598,146,170,964,9/28/2021 21:32
965,116,148,40,965,10/20/2021 16:19
966,69,173,161,966,8/5/2021 19:43
967,736,152,28,967,11/24/2021 21:43
968,643,81,51,968,10/18/2021 20:25
969,826,26,99,969,8/15/2021 22:24
970,384,161,91,970,1/10/2021 0:39
971,992,137,107,971,10/27/2021 17:22
972,249,185,77,972,1/28/2021 12:41
973,962,32,194,973,2/18/2021 22:48
974,535,29,181,974,10/24/2021 1:53
975,768,26,96,975,12/7/2020 1:05
976,394,148,11,976,8/4/2021 5:04
977,241,134,2,977,11/11/2021 5:17
978,927,170,77,978,3/16/2021 21:40
979,234,118,18,979,12/29/2020 13:47
980,428,25,141,980,9/8/2021 12:06
981,121,74,170,981,5/6/2021 18:59
982,947,83,149,982,8/8/2021 13:12
983,720,57,10,983,11/14/2021 22:36
984,743,140,4,984,2/9/2021 7:10
985,778,89,53,985,4/27/2021 20:18
986,596,167,154,986,1/15/2021 19:26
987,441,126,45,987,8/19/2021 1:00
988,548,103,61,988,8/28/2021 13:28
989,970,124,75,989,11/2/2021 10:04
990,921,186,165,990,3/16/2021 10:10
991,563,25,30,991,8/13/2021 15:24
992,441,43,88,992,11/28/2021 12:58
993,702,154,31,993,12/8/2020 9:56
994,157,46,85,994,4/10/2021 10:42
995,302,154,153,995,3/10/2021 5:21
996,662,199,186,996,3/28/2021 1:49
997,887,152,169,997,3/7/2021 20:21
998,439,32,78,998,9/25/2021 3:24
999,707,61,193,999,6/23/2021 0:48
1000,345,136,44,1000,6/22/2021 15:52
